species,response,rnum,sppresp,t,gsw,dw
Hedera helix,aja1,1,Hedera helix1,15.06306306,0.067189189,10
Hedera helix,aja1,1,Hedera helix1,19.94395971,0.068702703,10
Hedera helix,aja1,1,Hedera helix1,24.90451869,0.068810811,10
Hedera helix,aja1,1,Hedera helix1,28.48719586,0.068810811,10
Hedera helix,aja2,2,Hedera helix2,18.8019802,0.105463917,10
Hedera helix,aja2,2,Hedera helix2,22.57425743,0.085184616,10
Hedera helix,aja2,2,Hedera helix2,26.28712871,0.079849877,10
Hedera helix,aja2,2,Hedera helix2,26.25742574,0.078332988,10
Hedera helix,aja2,2,Hedera helix2,29.10891089,0.074279229,10
Glycine max,bwb1,1,Glycine max1,20,0.399117343,10
Glycine max,bwb1,1,Glycine max1,25,0.512335686,10
Glycine max,bwb1,1,Glycine max1,30,0.610429616,10
Glycine max,bwb1,1,Glycine max1,35,0.72724627,10
Picea rubens,day1,1,Picea rubens1,15.99155227,0.107946824,20
Picea rubens,day1,1,Picea rubens1,20.01267159,0.105731167,20
Picea rubens,day1,1,Picea rubens1,24.00422386,0.10014771,20
Picea rubens,day1,1,Picea rubens1,27.96620908,0.097400295,20
Picea rubens,day1,1,Picea rubens1,31.9281943,0.100502216,20
Picea rubens,day1,1,Picea rubens1,36.00844773,0.072141802,20
Eucalyptus haemastoma,eam1,1,Eucalyptus haemastoma1,18.37250996,0.057088435,21
Eucalyptus haemastoma,eam1,1,Eucalyptus haemastoma1,19.18326693,0.064965986,21
Eucalyptus haemastoma,eam1,1,Eucalyptus haemastoma1,21.28685259,0.11814966,21
Eucalyptus haemastoma,eam1,1,Eucalyptus haemastoma1,22.09760956,0.083346939,21
Eucalyptus haemastoma,eam1,1,Eucalyptus haemastoma1,24.17928287,0.101605442,21
Eucalyptus haemastoma,eam1,1,Eucalyptus haemastoma1,23.47808765,0.127605442,21
Eucalyptus haemastoma,eam1,1,Eucalyptus haemastoma1,25.38446215,0.156965986,21
Eucalyptus haemastoma,eam1,1,Eucalyptus haemastoma1,26.50199203,0.125972789,21
Eucalyptus haemastoma,eam1,1,Eucalyptus haemastoma1,29.28486056,0.161469388,21
Eucalyptus haemastoma,eam1,1,Eucalyptus haemastoma1,29.48207171,0.180190476,21
Eucalyptus haemastoma,eam1,1,Eucalyptus haemastoma1,30.88446215,0.18492517,21
Eucalyptus haemastoma,eam1,1,Eucalyptus haemastoma1,32.48406375,0.158571429,21
Eucalyptus haemastoma,eam1,1,Eucalyptus haemastoma1,32.98804781,0.196163265,21
Eucalyptus haemastoma,eam1,1,Eucalyptus haemastoma1,34.80677291,0.173496599,21
Eucalyptus haemastoma,eam1,1,Eucalyptus haemastoma1,35.31075697,0.142027211,21
Eucalyptus haemastoma,eam1,1,Eucalyptus haemastoma1,36.60358566,0.151442177,21
Eucalyptus haemastoma,eam1,1,Eucalyptus haemastoma1,36.77888446,0.088693878,21
Eucalyptus haemastoma,eam1,1,Eucalyptus haemastoma1,37.80876494,0.041972789,21
Picea glauca,fsa1,1,Picea glauca1,9.286733238,0.081394396,10
Picea glauca,fsa1,1,Picea glauca1,14.63623395,0.079741366,10
Picea glauca,fsa1,1,Picea glauca1,19.66476462,0.084216636,10
Picea glauca,fsa1,1,Picea glauca1,25.12125535,0.085169626,10
Picea glauca,fsa2,2,Picea glauca2,19.66476462,0.060155334,20
Picea glauca,fsa2,2,Picea glauca2,24.83594864,0.069995464,20
Picea glauca,fsa2,2,Picea glauca2,29.82881598,0.085964768,20
Picea glauca,fsa2,2,Picea glauca2,35.03566334,0.091667186,20
Picea glauca,fsa3,3,Picea glauca3,24.76462197,0.058807287,30
Picea glauca,fsa3,3,Picea glauca3,29.65049929,0.070944518,30
Picea glauca,fsa3,3,Picea glauca3,34.96433666,0.072509661,30
Citrus sinensis,haa1,1,Citrus sinensis1,20.49125125,0.231949976,5.4
Citrus sinensis,haa1,1,Citrus sinensis1,22.73075309,0.236464147,5.4
Citrus sinensis,haa1,1,Citrus sinensis1,24.61145629,0.265822608,5.4
Citrus sinensis,haa1,1,Citrus sinensis1,25.12275777,0.231528397,5.4
Citrus sinensis,haa1,1,Citrus sinensis1,26.79749544,0.25550138,5.4
Citrus sinensis,haa1,1,Citrus sinensis1,27.5142808,0.249565544,5.4
Citrus sinensis,haa1,1,Citrus sinensis1,29.81544707,0.329193284,5.4
Citrus sinensis,haa2,2,Citrus sinensis2,21.10324423,0.150992713,15.1
Citrus sinensis,haa2,2,Citrus sinensis2,23.55010149,0.130834074,15.1
Citrus sinensis,haa2,2,Citrus sinensis2,25.94037224,0.158302447,15.1
Citrus sinensis,haa2,2,Citrus sinensis2,26.42388963,0.16332649,15.1
Citrus sinensis,haa2,2,Citrus sinensis2,28.13395259,0.188705215,15.1
Citrus sinensis,haa2,2,Citrus sinensis2,29.03979083,0.161918435,15.1
Citrus sinensis,haa2,2,Citrus sinensis2,30.21352049,0.157905249,15.1
Sesamum indicum,hk1,1,Sesamum indicum1,19.94859241,0.268723406,7.1
Sesamum indicum,hk1,1,Sesamum indicum1,21.95348837,0.266897733,7.1
Sesamum indicum,hk1,1,Sesamum indicum1,23.95838433,0.32738718,7.1
Sesamum indicum,hk1,1,Sesamum indicum1,25.94614443,0.346009805,7.1
Sesamum indicum,hk1,1,Sesamum indicum1,27.93390453,0.369504852,7.1
Sesamum indicum,hk1,1,Sesamum indicum1,29.93880049,0.422515823,7.1
Sesamum indicum,hk1,1,Sesamum indicum1,31.92656059,0.402393376,7.1
Sesamum indicum,hk1,1,Sesamum indicum1,33.91432069,0.414066671,7.1
Gossypium barbadense,lza1,1,Gossypium barbadense1,23.35302455,0.371245301,5
Gossypium barbadense,lza1,1,Gossypium barbadense1,26.60266087,0.443194707,5
Gossypium barbadense,lza1,1,Gossypium barbadense1,29.72770364,0.500685688,5
Gossypium barbadense,lza1,1,Gossypium barbadense1,32.16959754,0.540027477,5
Gossypium barbadense,lza1,1,Gossypium barbadense1,35.79104823,0.598312163,5
Gossypium barbadense,lza2,2,Gossypium barbadense2,23.58257433,0.430484225,5
Gossypium barbadense,lza2,2,Gossypium barbadense2,26.87320256,0.491609225,5
Gossypium barbadense,lza2,2,Gossypium barbadense2,29.95720364,0.558480561,5
Gossypium barbadense,lza2,2,Gossypium barbadense2,32.56560387,0.628171305,5
Gossypium barbadense,lza2,2,Gossypium barbadense2,36.020598,0.657551087,5
Gossypium barbadense,lza3,3,Gossypium barbadense3,23.56423125,0.498351612,5
Gossypium barbadense,lza3,3,Gossypium barbadense3,26.97975168,0.582599341,5
Gossypium barbadense,lza3,3,Gossypium barbadense3,30.37379305,0.643739274,5
Gossypium barbadense,lza3,3,Gossypium barbadense3,32.71287114,0.700394737,5
Gossypium barbadense,lza3,3,Gossypium barbadense3,36.00347448,0.760797712,5
Gossypium barbadense,lza4,4,Gossypium barbadense4,23.60699028,0.538791,5
Gossypium barbadense,lza4,4,Gossypium barbadense4,26.69036914,0.587611704,5
Gossypium barbadense,lza4,4,Gossypium barbadense4,30.25156395,0.697873249,5
Gossypium barbadense,lza4,4,Gossypium barbadense4,32.672825,0.738656102,5
Gossypium barbadense,lza4,4,Gossypium barbadense4,35.86103565,0.82864718,5
Gossypium barbadense,lza5,5,Gossypium barbadense5,23.62797157,0.547458289,5
Gossypium barbadense,lza5,5,Gossypium barbadense5,26.73235661,0.605668309,5
Gossypium barbadense,lza5,5,Gossypium barbadense5,29.85734961,0.661715239,5
Gossypium barbadense,lza5,5,Gossypium barbadense5,32.57003409,0.7566918,5
Gossypium barbadense,lza5,5,Gossypium barbadense5,35.90182846,0.812046572,5
Tradescantia pallida,mpc1,1,Tradescantia pallida1,19.97855921,0.469948387,17
Tradescantia pallida,mpc1,1,Tradescantia pallida1,24.98005196,0.687244664,17
Tradescantia pallida,mpc1,1,Tradescantia pallida1,29.98034066,0.998136869,17
Betula pendula,oja1,1,Betula pendula1,14.96427837,0.067315986,15
Betula pendula,oja1,1,Betula pendula1,19.99525516,0.144107809,15
Betula pendula,oja1,1,Betula pendula1,25.07472677,0.132083567,15
Betula pendula,oja1,1,Betula pendula1,30.04984791,0.044243891,15
Betula pendula,oja1,1,Betula pendula1,35.28461841,0.02290154,15
Betula pendula,oja2,2,Betula pendula2,15.03456699,0.09200937,15
Betula pendula,oja2,2,Betula pendula2,20.03797678,0.12742699,15
Betula pendula,oja2,2,Betula pendula2,25.00443814,0.107390183,15
Betula pendula,oja2,2,Betula pendula2,30.04732214,0.080853061,15
Betula pendula,oja2,2,Betula pendula2,34.98094846,0.051935464,15
Betula pendula,oja3,3,Betula pendula3,14.94248457,0.034606539,15
Betula pendula,oja3,3,Betula pendula3,19.97107991,0.06742415,15
Betula pendula,oja3,3,Betula pendula3,24.97254125,0.059517416,15
Betula pendula,oja3,3,Betula pendula3,29.99298196,0.039696062,15
Betula pendula,oja3,3,Betula pendula3,34.98881444,0.023341192,15
Betula pendula,oja4,4,Betula pendula4,15.01775257,0.026373273,15
Betula pendula,oja4,4,Betula pendula4,20.07052316,0.055074543,15
Betula pendula,oja4,4,Betula pendula4,24.96907734,0.054318563,15
Betula pendula,oja4,4,Betula pendula4,29.93611601,0.035148232,15
Betula pendula,oja4,4,Betula pendula4,35.06653605,0.018790447,15
Gmelina arborea,ojb1,1,Gmelina arborea1,14.98773015,0.081963666,15
Gmelina arborea,ojb1,1,Gmelina arborea1,20.06060907,0.070608397,15
Gmelina arborea,ojb1,1,Gmelina arborea1,25.00718793,0.046767609,15
Gmelina arborea,ojb1,1,Gmelina arborea1,29.68065592,0.026311158,15
Gmelina arborea,ojb1,1,Gmelina arborea1,35.0781058,0.022672806,15
Gmelina arborea,ojb2,2,Gmelina arborea2,15.06141027,0.075813265,15
Gmelina arborea,ojb2,2,Gmelina arborea2,19.99107994,0.103724972,15
Gmelina arborea,ojb2,2,Gmelina arborea2,24.98338077,0.053708667,15
Gmelina arborea,ojb2,2,Gmelina arborea2,29.97919162,0.026494641,15
Gmelina arborea,ojb2,2,Gmelina arborea2,35.25049407,0.011362174,15
Gmelina arborea,ojb3,3,Gmelina arborea3,14.75576294,0.029430379,15
Gmelina arborea,ojb3,3,Gmelina arborea3,19.72968951,0.021649095,15
Gmelina arborea,ojb3,3,Gmelina arborea3,25.00529557,0.034474206,15
Gmelina arborea,ojb3,3,Gmelina arborea3,29.95355314,0.021538857,15
Gmelina arborea,ojb3,3,Gmelina arborea3,34.82761173,0.011383137,15
Gmelina arborea,ojb4,4,Gmelina arborea4,15.07908251,0.029017788,15
Gmelina arborea,ojb4,4,Gmelina arborea4,20.02825574,0.02203086,15
Gmelina arborea,ojb4,4,Gmelina arborea4,25.0283702,0.022774412,15
Gmelina arborea,ojb4,4,Gmelina arborea4,30.02747743,0.016974702,15
Gmelina arborea,ojb4,4,Gmelina arborea4,35.05130749,0.010182355,15
Prunus armeniaca,saa1,1,Prunus armeniaca1,30.6491788,0.147830958,15.54298309
Prunus armeniaca,saa1,1,Prunus armeniaca1,30.82906493,0.150184007,15.54298309
Prunus armeniaca,saa1,1,Prunus armeniaca1,32.80751077,0.186202305,15.54298309
Prunus armeniaca,saa1,1,Prunus armeniaca1,34.63115801,0.194322884,15.54298309
Prunus armeniaca,saa1,1,Prunus armeniaca1,34.83507589,0.178252466,15.54298309
Prunus armeniaca,saa2,2,Prunus armeniaca2,24.68583776,0.059646722,29.48124622
Prunus armeniaca,saa2,2,Prunus armeniaca2,27.2730207,0.063146099,29.48124622
Prunus armeniaca,saa2,2,Prunus armeniaca2,29.90223405,0.072639868,29.48124622
Prunus armeniaca,saa2,2,Prunus armeniaca2,29.87820231,0.075742181,29.48124622
Prunus armeniaca,saa2,2,Prunus armeniaca2,33.87350455,0.121976875,29.48124622
Prunus armeniaca,saa2,2,Prunus armeniaca2,39.03077672,0.122131437,29.48124622
Prunus armeniaca,saa3,3,Prunus armeniaca3,28.62940641,0.05625149,29.74388059
Prunus armeniaca,saa3,3,Prunus armeniaca3,29.30480896,0.056447924,29.74388059
Prunus armeniaca,saa3,3,Prunus armeniaca3,31.70562021,0.069238562,29.74388059
Prunus armeniaca,saa3,3,Prunus armeniaca3,32.29545368,0.062237887,29.74388059
Prunus armeniaca,saa3,3,Prunus armeniaca3,32.31541309,0.066203268,29.74388059
Prunus armeniaca,saa3,3,Prunus armeniaca3,35.6880519,0.076391188,29.74388059
Prunus armeniaca,saa3,3,Prunus armeniaca3,38.85496291,0.101423078,29.74388059
Prunus armeniaca,saa3,3,Prunus armeniaca3,39.057825,0.100731982,29.74388059
Prunus armeniaca,saa4,4,Prunus armeniaca4,29.13427409,0.046963244,40.10744041
Prunus armeniaca,saa4,4,Prunus armeniaca4,35.88166328,0.054926098,40.10744041
Prunus armeniaca,saa4,4,Prunus armeniaca4,36.07502328,0.068200515,40.10744041
Prunus armeniaca,saa4,4,Prunus armeniaca4,37.29641897,0.059883081,40.10744041
Prunus armeniaca,saa4,4,Prunus armeniaca4,40.05655001,0.077280448,40.10744041
Prunus armeniaca,saa4,4,Prunus armeniaca4,43.27107202,0.093816513,40.10744041
Prunus armeniaca,sba1,5,Prunus armeniaca5,24.34393579,0.0534234,NA
Prunus armeniaca,sba1,5,Prunus armeniaca5,34.4458013,0.07207902,NA
Prunus armeniaca,sba1,5,Prunus armeniaca5,33.957148,0.059832244,NA
Prunus armeniaca,sba1,5,Prunus armeniaca5,40.32085861,0.116926178,NA
Prunus armeniaca,sba1,5,Prunus armeniaca5,30.78256951,0.078757719,NA
Prunus armeniaca,sba1,5,Prunus armeniaca5,34.09568784,0.083796002,NA
Prunus armeniaca,sba1,5,Prunus armeniaca5,32.62535892,0.071189172,NA
Prunus armeniaca,sba1,5,Prunus armeniaca5,37.33476869,0.10467991,NA
Prunus armeniaca,sba1,5,Prunus armeniaca5,34.69155969,0.096923061,NA
Prunus armeniaca,sba1,5,Prunus armeniaca5,38.13814032,0.120253036,NA
Prunus armeniaca,sba1,5,Prunus armeniaca5,36.41319686,0.087711495,NA
Prunus armeniaca,sba1,5,Prunus armeniaca5,40.24992079,0.126897656,NA
Prunus armeniaca,sba1,5,Prunus armeniaca5,43.18476308,0.144024901,NA
Hammada scoparia,sbb1,1,Hammada scoparia1,28.08319884,0.119819563,NA
Hammada scoparia,sbb1,1,Hammada scoparia1,34.360758,0.136671279,NA
Hammada scoparia,sbb1,1,Hammada scoparia1,36.48080515,0.145990237,NA
Hammada scoparia,sbb2,2,Hammada scoparia2,35.38993562,0.083854368,NA
Hammada scoparia,sbb2,2,Hammada scoparia2,39.49739777,0.083428342,NA
Hammada scoparia,sbb3,3,Hammada scoparia3,38.36121135,0.07162576,NA
Hammada scoparia,sbb3,3,Hammada scoparia3,45.59107807,0.07397306,NA
Hammada scoparia,sbb4,4,Hammada scoparia4,34.78590987,0.112433464,NA
Hammada scoparia,sbb4,4,Hammada scoparia4,41.16144709,0.120129289,NA
Hammada scoparia,sbb5,5,Hammada scoparia5,36.06849216,0.123820072,NA
Hammada scoparia,sbb5,5,Hammada scoparia5,39.46829268,0.110914453,NA
Hammada scoparia,sbb6,6,Hammada scoparia6,38.07021489,0.097827888,NA
Hammada scoparia,sbb6,6,Hammada scoparia6,44.28423248,0.134469322,NA
Zygophyllum dumosum,sbc1,1,Zygophyllum dumosum1,31.63602941,0.099838067,34.49572111
Zygophyllum dumosum,sbc1,1,Zygophyllum dumosum1,39.88664216,0.177587939,34.54352896
Zygophyllum dumosum,sbc1,1,Zygophyllum dumosum1,32.46323529,0.084530111,34.55090364
Prunus armeniaca,sbd1,1,Prunus armeniaca1,24.09340659,0.048842715,18.93807214
Prunus armeniaca,sbd1,1,Prunus armeniaca1,34.2032967,0.071555695,19.84329283
Prunus armeniaca,sbe2,2,Prunus armeniaca2,30.68071313,0.07816051,47.71689032
Prunus armeniaca,sbe2,2,Prunus armeniaca2,33.98703404,0.084902075,48.23615103
Prunus armeniaca,sbe2,2,Prunus armeniaca2,40.04862237,0.12316277,49.188129
Prunus armeniaca,sbf3,3,Prunus armeniaca3,34.45705024,0.13082435,19.89233956
Prunus armeniaca,sbf3,3,Prunus armeniaca3,39.35170178,0.170777246,20.208867
Hammada scoparia,sbg1,1,Hammada scoparia1,36.25686813,0.15377045,19.51590436
Hammada scoparia,sbg1,1,Hammada scoparia1,27.96153846,0.121131965,20.1821149
Hammada scoparia,sbg1,1,Hammada scoparia1,34.21703297,0.141010775,20.43167183
Artemisia herba-alba,sbh1,1,Artemisia herba-alba1,28.83241758,0.074771665,25.23647402
Artemisia herba-alba,sbh1,1,Artemisia herba-alba1,37.57554945,0.108313491,25.78565889
Reaumuria negevensis,sbi1,1,Reaumuria negevensis1,37.9010989,0.344985919,27.78454507
Reaumuria negevensis,sbi1,1,Reaumuria negevensis1,31.34065934,0.14262112,29.09971733
Reaumuria negevensis,sbi1,1,Reaumuria negevensis1,34.73626374,0.164155055,30.48350245
Reaumuria negevensis,sbj1,2,Reaumuria negevensis2,38.87387387,0.030929318,30.03569953
Reaumuria negevensis,sbj1,2,Reaumuria negevensis2,34.81981982,0.038392359,30.91938434
Reaumuria negevensis,sbk2,3,Reaumuria negevensis3,36.09234234,0.036133878,23.95826694
Reaumuria negevensis,sbk2,3,Reaumuria negevensis3,30.92792793,0.088425378,23.96171333
Pinus taeda,taa0,1,Pinus taeda1,19.75887968,0.068151404,15
Pinus taeda,taa0,1,Pinus taeda1,24.8042884,0.064590982,15
Pinus taeda,taa0,1,Pinus taeda1,29.71796642,0.060693744,15
Pinus taeda,taa0,1,Pinus taeda1,34.83039842,0.054463739,15
Populus deltoides x nigra,uaa1,1,Populus deltoides x nigra1,20,0.3692,10
Populus deltoides x nigra,uaa1,1,Populus deltoides x nigra1,21,0.3935,10
Populus deltoides x nigra,uaa1,1,Populus deltoides x nigra1,22,0.4178,10
Populus deltoides x nigra,uaa1,1,Populus deltoides x nigra1,23,0.4421,10
Populus deltoides x nigra,uaa1,1,Populus deltoides x nigra1,24,0.4664,10
Populus deltoides x nigra,uaa1,1,Populus deltoides x nigra1,25,0.4907,10
Populus deltoides x nigra,uaa1,1,Populus deltoides x nigra1,26,0.515,10
Populus deltoides x nigra,uaa1,1,Populus deltoides x nigra1,27,0.5393,10
Populus deltoides x nigra,uaa1,1,Populus deltoides x nigra1,28,0.5636,10
Populus deltoides x nigra,uaa1,1,Populus deltoides x nigra1,29,0.5879,10
Populus deltoides x nigra,uaa1,1,Populus deltoides x nigra1,30,0.6122,10
Populus deltoides x nigra,uaa1,1,Populus deltoides x nigra1,31,0.6365,10
Populus deltoides x nigra,uaa1,1,Populus deltoides x nigra1,32,0.6608,10
Populus deltoides x nigra,uaa1,1,Populus deltoides x nigra1,33,0.6851,10
Populus deltoides x nigra,uaa1,1,Populus deltoides x nigra1,34,0.7094,10
Populus deltoides x nigra,uaa1,1,Populus deltoides x nigra1,35,0.7337,10
Populus deltoides x nigra,uaa1,1,Populus deltoides x nigra1,36,0.758,10
Populus deltoides x nigra,uaa1,1,Populus deltoides x nigra1,37,0.7823,10
Populus deltoides x nigra,uaa1,1,Populus deltoides x nigra1,38,0.8066,10
Populus deltoides x nigra,uaa1,1,Populus deltoides x nigra1,39,0.8309,10
Populus deltoides x nigra,uaa1,1,Populus deltoides x nigra1,40,0.8552,10
Populus deltoides x nigra,uaa2,2,Populus deltoides x nigra2,20,0.3715,10
Populus deltoides x nigra,uaa2,2,Populus deltoides x nigra2,21,0.3932,10
Populus deltoides x nigra,uaa2,2,Populus deltoides x nigra2,22,0.4149,10
Populus deltoides x nigra,uaa2,2,Populus deltoides x nigra2,23,0.4366,10
Populus deltoides x nigra,uaa2,2,Populus deltoides x nigra2,24,0.4583,10
Populus deltoides x nigra,uaa2,2,Populus deltoides x nigra2,25,0.48,10
Populus deltoides x nigra,uaa2,2,Populus deltoides x nigra2,26,0.5017,10
Populus deltoides x nigra,uaa2,2,Populus deltoides x nigra2,27,0.5234,10
Populus deltoides x nigra,uaa2,2,Populus deltoides x nigra2,28,0.5451,10
Populus deltoides x nigra,uaa2,2,Populus deltoides x nigra2,29,0.5668,10
Populus deltoides x nigra,uaa2,2,Populus deltoides x nigra2,30,0.5885,10
Populus deltoides x nigra,uaa2,2,Populus deltoides x nigra2,31,0.6102,10
Populus deltoides x nigra,uaa2,2,Populus deltoides x nigra2,32,0.6319,10
Populus deltoides x nigra,uaa2,2,Populus deltoides x nigra2,33,0.6536,10
Populus deltoides x nigra,uaa2,2,Populus deltoides x nigra2,34,0.6753,10
Populus deltoides x nigra,uaa2,2,Populus deltoides x nigra2,35,0.697,10
Populus deltoides x nigra,uaa2,2,Populus deltoides x nigra2,36,0.7187,10
Populus deltoides x nigra,uaa2,2,Populus deltoides x nigra2,37,0.7404,10
Populus deltoides x nigra,uaa2,2,Populus deltoides x nigra2,38,0.7621,10
Populus deltoides x nigra,uaa2,2,Populus deltoides x nigra2,39,0.7838,10
Populus deltoides x nigra,uaa2,2,Populus deltoides x nigra2,40,0.8055,10
Pinus taeda,uab1,1,Pinus taeda1,20,0.028701072,10
Pinus taeda,uab1,1,Pinus taeda1,21,0.028884909,10
Pinus taeda,uab1,1,Pinus taeda1,22,0.029104288,10
Pinus taeda,uab1,1,Pinus taeda1,23,0.029363987,10
Pinus taeda,uab1,1,Pinus taeda1,24,0.029669171,10
Pinus taeda,uab1,1,Pinus taeda1,25,0.030025404,10
Pinus taeda,uab1,1,Pinus taeda1,26,0.030438661,10
Pinus taeda,uab1,1,Pinus taeda1,27,0.030915343,10
Pinus taeda,uab1,1,Pinus taeda1,28,0.031462283,10
Pinus taeda,uab1,1,Pinus taeda1,29,0.032086765,10
Pinus taeda,uab1,1,Pinus taeda1,30,0.032796531,10
Pinus taeda,uab1,1,Pinus taeda1,31,0.033599795,10
Pinus taeda,uab1,1,Pinus taeda1,32,0.034505251,10
Pinus taeda,uab1,1,Pinus taeda1,33,0.03552209,10
Pinus taeda,uab1,1,Pinus taeda1,34,0.036660007,10
Pinus taeda,uab1,1,Pinus taeda1,35,0.037929213,10
Pinus taeda,uab1,1,Pinus taeda1,36,0.039340448,10
Pinus taeda,uab1,1,Pinus taeda1,37,0.040904989,10
Pinus taeda,uab1,1,Pinus taeda1,38,0.042634663,10
Pinus taeda,uab1,1,Pinus taeda1,39,0.04454186,10
Pinus taeda,uab1,1,Pinus taeda1,40,0.046639536,10
Pinus taeda,uab2,2,Pinus taeda2,20,0.02410901,10
Pinus taeda,uab2,2,Pinus taeda2,21,0.024651855,10
Pinus taeda,uab2,2,Pinus taeda2,22,0.025247693,10
Pinus taeda,uab2,2,Pinus taeda2,23,0.025898933,10
Pinus taeda,uab2,2,Pinus taeda2,24,0.026607979,10
Pinus taeda,uab2,2,Pinus taeda2,25,0.027377234,10
Pinus taeda,uab2,2,Pinus taeda2,26,0.028209093,10
Pinus taeda,uab2,2,Pinus taeda2,27,0.029105948,10
Pinus taeda,uab2,2,Pinus taeda2,28,0.030070186,10
Pinus taeda,uab2,2,Pinus taeda2,29,0.031104193,10
Pinus taeda,uab2,2,Pinus taeda2,30,0.032210347,10
Pinus taeda,uab2,2,Pinus taeda2,31,0.033391026,10
Pinus taeda,uab2,2,Pinus taeda2,32,0.034648603,10
Pinus taeda,uab2,2,Pinus taeda2,33,0.035985447,10
Pinus taeda,uab2,2,Pinus taeda2,34,0.037403926,10
Pinus taeda,uab2,2,Pinus taeda2,35,0.038906402,10
Pinus taeda,uab2,2,Pinus taeda2,36,0.040495235,10
Pinus taeda,uab2,2,Pinus taeda2,37,0.042172784,10
Pinus taeda,uab2,2,Pinus taeda2,38,0.043941403,10
Pinus taeda,uab2,2,Pinus taeda2,39,0.045803443,10
Pinus taeda,uab2,2,Pinus taeda2,40,0.047761253,10
Fagus sylvatica,dia1,1,Fagus sylvatica1,5.656296296,0.04143767,8
Fagus sylvatica,dia1,1,Fagus sylvatica1,20.6016,0.051672134,8
Fagus sylvatica,dia1,1,Fagus sylvatica1,15.61555556,0.055777811,8
Fagus sylvatica,dia1,1,Fagus sylvatica1,10.45355556,0.05909136,8
Fagus sylvatica,dia1,1,Fagus sylvatica1,25.52321429,0.118675957,8
Fagus sylvatica,dia1,1,Fagus sylvatica1,35.15923077,0.182937149,8
Fagus sylvatica,dia1,1,Fagus sylvatica1,30.26625,0.2323572,8
Fagus sylvatica,dia1,1,Fagus sylvatica1,37.72386364,0.302060475,8
Fagus sylvatica,dia2,2,Fagus sylvatica2,10.37741379,0.02733977,8
Fagus sylvatica,dia2,2,Fagus sylvatica2,15.57352941,0.033196302,8
Fagus sylvatica,dia2,2,Fagus sylvatica2,20.42375,0.058106159,8
Fagus sylvatica,dia2,2,Fagus sylvatica2,25.31539683,0.107381021,8
Fagus sylvatica,dia2,2,Fagus sylvatica2,35.16355556,0.197245024,8
Fagus sylvatica,dia2,2,Fagus sylvatica2,30.26263158,0.213372037,8
Fagus sylvatica,dia2,2,Fagus sylvatica2,37.99453125,0.264984823,8
Fagus sylvatica,dia3,3,Fagus sylvatica3,10.65294118,0.015450872,8
Fagus sylvatica,dia3,3,Fagus sylvatica3,15.35666667,0.032797512,8
Fagus sylvatica,dia3,3,Fagus sylvatica3,5.404705882,0.04226163,8
Fagus sylvatica,dia3,3,Fagus sylvatica3,20.201875,0.042863401,8
Fagus sylvatica,dia3,3,Fagus sylvatica3,25.30830769,0.104037723,8
Fagus sylvatica,dia3,3,Fagus sylvatica3,35.36058824,0.199569688,8
Fagus sylvatica,dia3,3,Fagus sylvatica3,30.26,0.211433265,8
Fagus sylvatica,dia3,3,Fagus sylvatica3,38.05967742,0.228250232,8
Fagus sylvatica,dia4,4,Fagus sylvatica4,5.338767123,0.02131799,8
Fagus sylvatica,dia4,4,Fagus sylvatica4,10.174,0.024119455,8
Fagus sylvatica,dia4,4,Fagus sylvatica4,15.10021277,0.029786446,8
Fagus sylvatica,dia4,4,Fagus sylvatica4,20.54432432,0.029906704,8
Fagus sylvatica,dia4,4,Fagus sylvatica4,25.50467742,0.034410389,8
Fagus sylvatica,dia4,4,Fagus sylvatica4,30.33,0.128449682,8
Fagus sylvatica,dia4,4,Fagus sylvatica4,35.3176,0.149221754,8
Fagus sylvatica,dia4,4,Fagus sylvatica4,38.22138462,0.194679717,8
Fagus sylvatica,dia5,5,Fagus sylvatica5,15.52,0.027102583,8
Fagus sylvatica,dia5,5,Fagus sylvatica5,20.4802439,0.02948017,8
Fagus sylvatica,dia5,5,Fagus sylvatica5,5.270178571,0.03295519,8
Fagus sylvatica,dia5,5,Fagus sylvatica5,10.30564516,0.041210988,8
Fagus sylvatica,dia5,5,Fagus sylvatica5,25.81516129,0.055626872,8
Fagus sylvatica,dia5,5,Fagus sylvatica5,30.07257143,0.167222134,8
Fagus sylvatica,dia5,5,Fagus sylvatica5,35.2558209,0.186964494,8
Fagus sylvatica,dia5,5,Fagus sylvatica5,38.16942857,0.188193739,8
Picea abies,dia6,1,Picea abies1,5.408510638,0.020495374,8
Picea abies,dia6,1,Picea abies1,10.32673913,0.036376216,8
Picea abies,dia6,1,Picea abies1,15.23675,0.049119244,8
Picea abies,dia6,1,Picea abies1,38.26492958,0.064477688,8
Picea abies,dia6,1,Picea abies1,20.23135135,0.067053639,8
Picea abies,dia6,1,Picea abies1,25.18419355,0.06731339,8
Picea abies,dia6,1,Picea abies1,35.25941176,0.075162454,8
Picea abies,dia6,1,Picea abies1,30.07342857,0.075912079,8
Picea abies,dia7,2,Picea abies2,5.08,0.044431441,8
Picea abies,dia7,2,Picea abies2,10.19041667,0.079221155,8
Picea abies,dia7,2,Picea abies2,15.30953488,0.088050692,8
Picea abies,dia7,2,Picea abies2,38.34803571,0.093237053,8
Picea abies,dia7,2,Picea abies2,35.43975,0.104727302,8
Picea abies,dia7,2,Picea abies2,20.18025641,0.104796949,8
Picea abies,dia7,2,Picea abies2,25.21176471,0.106245843,8
Picea abies,dia7,2,Picea abies2,30.25588235,0.106613719,8
Picea abies,dia8,3,Picea abies3,5.210833333,0.016725749,8
Picea abies,dia8,3,Picea abies3,10.30857143,0.043619762,8
Picea abies,dia8,3,Picea abies3,15.43,0.070840793,8
Picea abies,dia8,3,Picea abies3,20.21042553,0.084994996,8
Picea abies,dia8,3,Picea abies3,30.33527778,0.093703112,8
Picea abies,dia8,3,Picea abies3,25.24058824,0.095668662,8
Picea abies,dia8,3,Picea abies3,35.32,0.101703614,8
Picea abies,dia8,3,Picea abies3,38.19576923,0.102738411,8
Picea abies,dia9,4,Picea abies4,5.187857143,0.014394328,8
Picea abies,dia9,4,Picea abies4,10.13686275,0.021288306,8
Picea abies,dia9,4,Picea abies4,15.1675,0.056024116,8
Picea abies,dia9,4,Picea abies4,20.30769231,0.07634192,8
Picea abies,dia9,4,Picea abies4,25.176,0.088289608,8
Picea abies,dia9,4,Picea abies4,38.24350877,0.091244115,8
Picea abies,dia9,4,Picea abies4,35.20230769,0.09218428,8
Picea abies,dia9,4,Picea abies4,30.3575,0.092936405,8
Picea abies,dia10,5,Picea abies5,5.07875,0.010601304,8
Picea abies,dia10,5,Picea abies5,15.33853659,0.041338524,8
Picea abies,dia10,5,Picea abies5,20.052,0.049686208,8
Picea abies,dia10,5,Picea abies5,25.08470588,0.074588025,8
Picea abies,dia10,5,Picea abies5,30.28111111,0.125768743,8
Picea abies,dia10,5,Picea abies5,35.62512195,0.131652943,8
Picea abies,dia10,5,Picea abies5,38.35228571,0.150090552,8
Quercus petraea,dia11,1,Quercus petraea1,5.747692308,0.018540467,8
Quercus petraea,dia11,1,Quercus petraea1,15.43775,0.04115606,8
Quercus petraea,dia11,1,Quercus petraea1,10.64966667,0.041844343,8
Quercus petraea,dia11,1,Quercus petraea1,20.34647059,0.091089677,8
Quercus petraea,dia11,1,Quercus petraea1,25.2634375,0.094703488,8
Quercus petraea,dia11,1,Quercus petraea1,30.37933333,0.1178182,8
Quercus petraea,dia11,1,Quercus petraea1,35.27733333,0.13747216,8
Quercus petraea,dia11,1,Quercus petraea1,40.3790625,0.177792841,8
Quercus petraea,dia12,2,Quercus petraea2,5.957857143,0.008114858,8
Quercus petraea,dia12,2,Quercus petraea2,10.81488372,0.022097618,8
Quercus petraea,dia12,2,Quercus petraea2,15.86487805,0.047514717,8
Quercus petraea,dia12,2,Quercus petraea2,20.51302326,0.058717617,8
Quercus petraea,dia12,2,Quercus petraea2,25.19730769,0.100460042,8
Quercus petraea,dia12,2,Quercus petraea2,30.23295455,0.157239586,8
Quercus petraea,dia12,2,Quercus petraea2,35.3162963,0.194519296,8
Quercus petraea,dia12,2,Quercus petraea2,40.26452055,0.256207468,8
Quercus petraea,dia13,3,Quercus petraea3,7.047333333,0.017097324,8
Quercus petraea,dia13,3,Quercus petraea3,10.50435897,0.028743629,8
Quercus petraea,dia13,3,Quercus petraea3,15.635,0.104096169,8
Quercus petraea,dia13,3,Quercus petraea3,25.24965517,0.128958445,8
Quercus petraea,dia13,3,Quercus petraea3,20.41181818,0.133765455,8
Quercus petraea,dia13,3,Quercus petraea3,35.42463415,0.133891039,8
Quercus petraea,dia13,3,Quercus petraea3,30.296,0.185628203,8
Quercus petraea,dia13,3,Quercus petraea3,40.34245283,0.234069805,8
Quercus petraea,dia14,4,Quercus petraea4,6.718888889,0.016833125,8
Quercus petraea,dia14,4,Quercus petraea4,10.31956522,0.06453926,8
Quercus petraea,dia14,4,Quercus petraea4,20.53806452,0.072691896,8
Quercus petraea,dia14,4,Quercus petraea4,15.52236842,0.081101769,8
Quercus petraea,dia14,4,Quercus petraea4,25.38435897,0.09417725,8
Quercus petraea,dia14,4,Quercus petraea4,35.30870968,0.121117694,8
Quercus petraea,dia14,4,Quercus petraea4,30.23253521,0.12942107,8
Quercus petraea,dia14,4,Quercus petraea4,40.21272727,0.235269859,8
Quercus petraea,dia15,5,Quercus petraea5,7.951304348,0.023196553,8
Quercus petraea,dia15,5,Quercus petraea5,10.52,0.031298695,8
Quercus petraea,dia15,5,Quercus petraea5,15.57384615,0.058044689,8
Quercus petraea,dia15,5,Quercus petraea5,20.32823529,0.068137563,8
Quercus petraea,dia15,5,Quercus petraea5,25.24242424,0.100978768,8
Quercus petraea,dia15,5,Quercus petraea5,30.11428571,0.252457546,8
Quercus petraea,dia15,5,Quercus petraea5,35.144,0.280640254,8
Quercus petraea,dia15,5,Quercus petraea5,40.28057143,0.338590026,8
Tilia cordata,dia16,1,Tilia cordata1,5.657142857,0.047326781,8
Tilia cordata,dia16,1,Tilia cordata1,15.47181818,0.112569914,8
Tilia cordata,dia16,1,Tilia cordata1,10.43156627,0.115962792,8
Tilia cordata,dia16,1,Tilia cordata1,20.58984848,0.126667427,8
Tilia cordata,dia16,1,Tilia cordata1,25.13635135,0.16653972,8
Tilia cordata,dia16,1,Tilia cordata1,30.4766129,0.188093929,8
Tilia cordata,dia16,1,Tilia cordata1,35.44619718,0.23040408,8
Tilia cordata,dia16,1,Tilia cordata1,38.16630769,0.234008188,8
Tilia cordata,dia17,2,Tilia cordata2,30.72728571,0.035143223,8
Tilia cordata,dia17,2,Tilia cordata2,25.63821429,0.046250243,8
Tilia cordata,dia17,2,Tilia cordata2,10.70821429,0.049118942,8
Tilia cordata,dia17,2,Tilia cordata2,20.74413043,0.055158726,8
Tilia cordata,dia17,2,Tilia cordata2,35.65710145,0.060904968,8
Tilia cordata,dia17,2,Tilia cordata2,15.6123913,0.064350448,8
Tilia cordata,dia17,2,Tilia cordata2,5.720666667,0.067258749,8
Tilia cordata,dia17,2,Tilia cordata2,38.35810345,0.082695307,8
Tilia cordata,dia18,3,Tilia cordata3,10.48367347,0.043429834,8
Tilia cordata,dia18,3,Tilia cordata3,5.56372093,0.070614546,8
Tilia cordata,dia18,3,Tilia cordata3,20.50659574,0.074454801,8
Tilia cordata,dia18,3,Tilia cordata3,25.39253731,0.098994238,8
Tilia cordata,dia18,3,Tilia cordata3,15.46835443,0.102125987,8
Tilia cordata,dia18,3,Tilia cordata3,30.43707692,0.107780835,8
Tilia cordata,dia18,3,Tilia cordata3,38.28727273,0.148813539,8
Tilia cordata,dia18,3,Tilia cordata3,35.38864865,0.155519478,8
Tilia cordata,dia19,4,Tilia cordata4,10.76256098,0.037310959,8
Tilia cordata,dia19,4,Tilia cordata4,5.499117647,0.04564895,8
Tilia cordata,dia19,4,Tilia cordata4,38.56545455,0.053177097,8
Tilia cordata,dia19,4,Tilia cordata4,30.50452381,0.053849496,8
Tilia cordata,dia19,4,Tilia cordata4,25.42236111,0.054532972,8
Tilia cordata,dia19,4,Tilia cordata4,20.42185185,0.060234633,8
Tilia cordata,dia19,4,Tilia cordata4,15.72882353,0.061624731,8
Tilia cordata,dia19,4,Tilia cordata4,35.297,0.107854,8
Tilia cordata,dia20,5,Tilia cordata5,5.763,0.02102951,8
Tilia cordata,dia20,5,Tilia cordata5,15.49657143,0.046259389,8
Tilia cordata,dia20,5,Tilia cordata5,20.49958333,0.050854139,8
Tilia cordata,dia20,5,Tilia cordata5,10.64703704,0.058241152,8
Tilia cordata,dia20,5,Tilia cordata5,25.28102941,0.062658893,8
Tilia cordata,dia20,5,Tilia cordata5,38.58712329,0.06529834,8
Tilia cordata,dia20,5,Tilia cordata5,30.54493151,0.078872003,8
Tilia cordata,dia20,5,Tilia cordata5,35.51391304,0.124643526,8
